{"cameraMode":{"drawMode":0,"name":"Shaded","section":"Shading Mode"},"sceneLighting":true,"audioPlay":false,"sceneViewState":{"showFog":false,"showMaterialUpdate":false,"showSkybox":false,"showFlares":false,"showImageEffects":false,"showParticleSystems":false},"in2DMode":false,"pivot":{"x":16.667997360229493,"y":19.661434173583986,"z":13.881638526916504},"rotation":{"x":0.01561096403747797,"y":0.9786588549613953,"z":-0.18811458349227906,"w":0.08121608942747116},"size":22.116117477416993,"orthographic":false}